doc_no,filename,category,date,phase,owner,counterparty,summary,event_code,file_type,estimated_pages
01-001,Head Contract Bundle - Riverside Towers.pdf,01_contract,2025-08-29,Contract Award,Riverside Development Group Pty Ltd,Apex Construction Pty Ltd,"Single bundled head contract PDF for Riverside Towers - Mixed Use Development, including FIA, Annexure Part A, Annexure Part B, the AS4000-2025 general conditions, scope schedules, and tender return components.",EV-01,application/pdf,380
02-001,Request for Tender - Part 1 Conditions and Overview.pdf,02_tender,2025-05-12,Tender,Riverside Development Group Pty Ltd,Market,"Tender conditions, key dates, submission rules, and overview for Riverside Towers head contract.",EV-01,application/pdf,24
02-002,Request for Tender - Part 2 Scope and Project Brief.pdf,02_tender,2025-05-12,Tender,Riverside Development Group Pty Ltd,Market,"Project brief describing mixed-use tower scope, separable portions, and delivery constraints.",EV-01,application/pdf,48
02-003,Tender Form and Declaration.pdf,02_tender,2025-05-12,Tender,Riverside Development Group Pty Ltd,Market,"Tender form, declarations, and compliance statements required from each tenderer.",EV-01,application/pdf,8
02-004,Schedule of Contract Documents.pdf,02_tender,2025-05-12,Tender,Riverside Development Group Pty Ltd,Market,"Schedule identifying drawings, specifications, schedules, and other tender documents forming part of the contract.",EV-01,application/pdf,10
02-005,Scope of Contract - Head Contractor Works.pdf,02_tender,2025-05-12,Tender,Riverside Development Group Pty Ltd,Market,Short-form scope of contract setting out physical and functional extent of the head contractor works.,EV-01,application/pdf,14
02-006,Tender Addendum 01 - Façade Fire Compliance Clarifications.pdf,02_tender,2025-06-03,Tender,Riverside Development Group Pty Ltd,Market,"Clarifies façade combustibility requirements, testing expectations, and tender qualification treatment.",EV-01,application/pdf,12
02-007,Tender Addendum 02 - Basement Services Coordination.pdf,02_tender,2025-06-19,Tender,Riverside Development Group Pty Ltd,Market,Issues revised basement coordination notes and updated authority interfaces.,EV-01,application/pdf,11
02-008,Apex Construction Pty Ltd - Tender Submission Volume 1 Executive and Methodology.pdf,02_tender,2025-07-18,Tender,Apex Construction Pty Ltd,Riverside Development Group Pty Ltd,"Tender executive summary, methodology, preliminaries, and resource plan submitted by Apex Construction.",EV-01,application/pdf,58
02-009,Apex Construction Pty Ltd - Tender Submission Volume 2 Programme and Staging.pdf,02_tender,2025-07-18,Tender,Apex Construction Pty Ltd,Riverside Development Group Pty Ltd,"Tender programme, staging narrative, tower crane strategy, and shutdown assumptions.",EV-01,application/pdf,44
02-010,Apex Construction Pty Ltd - Tender Submission Volume 3 Price Schedule.pdf,02_tender,2025-07-18,Tender,Apex Construction Pty Ltd,Riverside Development Group Pty Ltd,"Detailed tender pricing broken down by trade package, preliminaries, contingency, and provisional sums.",EV-01,application/pdf,30
02-011,Apex Construction Pty Ltd - Tender Qualifications and Non-Conformances.pdf,02_tender,2025-07-18,Tender,Apex Construction Pty Ltd,Riverside Development Group Pty Ltd,"Apex list of tender qualifications, exclusions, programme assumptions, and proposed departures.",EV-01,application/pdf,18
02-012,Tender Clarification Register - Round 1 to 24.pdf,02_tender,2025-08-01,Tender,Riverside Development Group Pty Ltd,Apex Construction Pty Ltd,Compiled tender clarification questions and responses exchanged during evaluation and negotiation.,EV-01,application/pdf,32
02-013,Post-Tender Interview Minutes - Apex Construction.pdf,02_tender,2025-08-06,Tender,Riverside Development Group Pty Ltd,Apex Construction Pty Ltd,"Minutes of post-tender interview covering methodology, preliminaries, and risk allocation.",EV-01,application/pdf,9
02-014,Letter of Intent - Early Procurement and Design Finalisation.pdf,02_tender,2025-08-18,Tender,Riverside Development Group Pty Ltd,Apex Construction Pty Ltd,Letter authorising early procurement and limited mobilisation ahead of contract execution.,EV-01,application/pdf,7
02-015,Tender Recommendation and Award Approval.pdf,02_tender,2025-08-22,Tender,Riverside Development Group Pty Ltd,Internal / Board,Recommendation to appoint Apex Construction as preferred tenderer for the project.,EV-01,application/pdf,16
03-001,A-001 - Drawing Register - Architectural Set Rev D.pdf,03_drawings,2025-09-02,Design / IFC,Consultant Team,Project Team,"Architectural register covering all issued-for-construction plans, sections, and details.",EV-01,application/pdf,6
03-002,A-100 - Architectural Site Plan Rev D.pdf,03_drawings,2025-09-02,Design / IFC,Consultant Team,Project Team,"Site plan showing setbacks, site access, hoarding, and adjacent interface conditions.",EV-01,application/pdf,2
03-003,A-101 - Ground Floor Plan Rev D.pdf,03_drawings,2025-09-02,Design / IFC,Consultant Team,Project Team,"Ground floor lobby, retail tenancy, back-of-house, and loading dock arrangement.",EV-01,application/pdf,3
03-004,A-102 - Level 1 Podium Plan Rev D.pdf,03_drawings,2025-09-02,Design / IFC,Consultant Team,Project Team,"Podium plan with amenities, transfer structure interfaces, and external terraces.",EV-01,application/pdf,3
03-005,A-103 - Typical Residential Floor Plan Levels 2-14 Rev D.pdf,03_drawings,2025-09-02,Design / IFC,Consultant Team,Project Team,"Typical residential layout, apartment mix, risers, and service cupboards.",EV-01,application/pdf,3
03-006,A-104 - Level 15 Plant and Roof Plan Rev C.pdf,03_drawings,2025-09-02,Design / IFC,Consultant Team,Project Team,"Roof plan showing plant, BMU provisions, screening, and access walkways.",EV-01,application/pdf,2
03-007,A-201 - Basement B1 Plan Rev D.pdf,03_drawings,2025-09-05,Design / IFC,Consultant Team,Project Team,"Basement level B1 plan including car parking, services rooms, and access routes.",EV-03,application/pdf,3
03-008,A-202 - Basement B2 Plan Rev D.pdf,03_drawings,2025-09-05,Design / IFC,Consultant Team,Project Team,"Basement level B2 plan including car parking, storage, and hydraulic coordination.",EV-03,application/pdf,3
03-009,A-203 - Basement B3 Plan Rev D.pdf,03_drawings,2025-09-05,Design / IFC,Consultant Team,Project Team,"Basement level B3 plan including pump room, tanks, and geotechnical interfaces.",EV-03,application/pdf,3
03-010,A-301 - North and East Elevations Rev D.pdf,03_drawings,2025-09-10,Design / IFC,Consultant Team,Project Team,"Primary façade elevations with material tags, slab edges, and balustrade types.",EV-01,application/pdf,3
03-011,A-302 - South and West Elevations Rev D.pdf,03_drawings,2025-09-10,Design / IFC,Consultant Team,Project Team,Secondary façade elevations including laneway edge and services screens.,EV-01,application/pdf,3
03-012,A-401 - Building Sections 1 and 2 Rev D.pdf,03_drawings,2025-09-10,Design / IFC,Consultant Team,Project Team,"Longitudinal and transverse sections through tower, podium, and basement.",EV-01,application/pdf,3
03-013,A-501 - Lobby and Retail Reflected Ceiling Plan Rev C.pdf,03_drawings,2025-10-04,Design / IFC,Consultant Team,Project Team,Lobby and retail reflected ceiling plan coordinating feature lighting and services.,EV-03,application/pdf,2
03-014,A-601 - Façade Typical Details Rev C.pdf,03_drawings,2025-10-04,Design / IFC,Consultant Team,Project Team,"Façade junctions, balustrade details, sill flashings, and slab edge interfaces.",EV-07,application/pdf,5
03-015,S-001 - Structural Drawing Register Rev C.pdf,03_drawings,2025-09-03,Design / IFC,Consultant Team,Project Team,"Structural register for foundations, basement, vertical structure, and roof.",EV-01,application/pdf,5
03-016,S-100 - Foundation and Piling Plan Rev C.pdf,03_drawings,2025-09-03,Design / IFC,Consultant Team,Project Team,"Piling layout and foundation plan for tower, podium, and transfer elements.",EV-02,application/pdf,3
03-017,S-110 - Pile Schedule and Notes Rev C.pdf,03_drawings,2025-09-03,Design / IFC,Consultant Team,Project Team,"Pile diameters, founding assumptions, and testing requirements.",EV-02,application/pdf,4
03-018,S-201 - Basement Retention and Slab Setout Rev C.pdf,03_drawings,2025-10-20,Design / IFC,Consultant Team,Project Team,Basement slab setout and retention system interface details.,EV-02,application/pdf,3
03-019,S-202 - Basement Wall Reinforcement Rev C.pdf,03_drawings,2025-10-20,Design / IFC,Consultant Team,Project Team,Basement retaining wall reinforcement and construction-joint schedule.,EV-06,application/pdf,4
03-020,S-301 - Transfer Slab Layout Rev C.pdf,03_drawings,2025-11-11,Design / IFC,Consultant Team,Project Team,Transfer slab plan coordinating retail spans and tower load paths.,EV-03,application/pdf,3
03-021,S-401 - Typical Residential Framing Rev B.pdf,03_drawings,2025-12-08,Design / IFC,Consultant Team,Project Team,"Typical residential level framing, slab penetrations, and edge thickening.",EV-03,application/pdf,3
03-022,S-501 - Sketch SK-B-101 Rev C - Waterproofing Upgrade.pdf,03_drawings,2026-03-04,Design / IFC,Consultant Team,Project Team,Basement structural sketch issued with waterproofing upgrade direction.,EV-08,application/pdf,2
03-023,S-502 - Sketch SK-B-102 Rev C - Drainage Cell Interface.pdf,03_drawings,2026-03-04,Design / IFC,Consultant Team,Project Team,Structural sketch coordinating drainage cells and wall build-up at basement perimeter.,EV-08,application/pdf,2
03-024,H-001 - Hydraulic Services Register Rev B.pdf,03_drawings,2025-09-06,Design / IFC,Consultant Team,Project Team,"Hydraulic drawing register for below-ground, wet areas, and fire service layouts.",EV-01,application/pdf,4
03-025,H-101 - Hydraulic Basement Services Layout Rev B.pdf,03_drawings,2025-09-06,Design / IFC,Consultant Team,Project Team,"Pump-out, trade waste, stormwater, and fire service layout for basements.",EV-03,application/pdf,3
03-026,H-201 - Ground Floor Hydraulic Layout Rev B.pdf,03_drawings,2025-09-06,Design / IFC,Consultant Team,Project Team,Ground floor hydraulic layout including retail trade waste and amenities.,EV-03,application/pdf,3
03-027,H-301 - Stormwater and Detention Schematic Rev C.pdf,03_drawings,2025-12-02,Design / IFC,Consultant Team,Project Team,"Detention, OSD, and stormwater discharge schematic with authority hold points.",EV-03,application/pdf,3
03-028,M-001 - Mechanical Services Register Rev B.pdf,03_drawings,2025-09-06,Design / IFC,Consultant Team,Project Team,"Mechanical drawing register for risers, plant, and smoke-control systems.",EV-01,application/pdf,4
03-029,M-101 - Mechanical Plantroom Layout Rev B.pdf,03_drawings,2025-09-06,Design / IFC,Consultant Team,Project Team,"Plantroom layout for chillers, pumps, ventilation, and service clearances.",EV-03,application/pdf,3
03-030,M-201 - Typical Apartment Mechanical Layout Rev B.pdf,03_drawings,2025-10-15,Design / IFC,Consultant Team,Project Team,Typical apartment ventilation and condensate layout coordinated with structure.,EV-03,application/pdf,3
03-031,E-001 - Electrical Services Register Rev B.pdf,03_drawings,2025-09-06,Design / IFC,Consultant Team,Project Team,"Electrical register including lighting, power, communications, and authority interfaces.",EV-01,application/pdf,4
03-032,E-101 - Main Switchboard and Substation Single Line Diagram Rev B.pdf,03_drawings,2025-09-06,Design / IFC,Consultant Team,Project Team,Main switchboard and substation single line diagram issued for authority review.,EV-09,application/pdf,3
03-033,E-201 - Electrical Basement Distribution Layout Rev B.pdf,03_drawings,2025-10-12,Design / IFC,Consultant Team,Project Team,"Electrical distribution boards, risers, and cable tray coordination in basement.",EV-09,application/pdf,3
03-034,E-301 - Security and Access Control Layout Rev A.pdf,03_drawings,2025-11-01,Design / IFC,Consultant Team,Project Team,"Security, CCTV, and access control layout for entries and plant areas.",EV-03,application/pdf,3
03-035,FP-101 - Fire Services Basement Sprinkler Layout Rev B.pdf,03_drawings,2025-10-15,Design / IFC,Consultant Team,Project Team,"Basement sprinkler, hydrant, and hose reel coordination drawing.",EV-03,application/pdf,3
03-036,LS-101 - Landscape and Public Realm Plan Rev A.pdf,03_drawings,2025-11-21,Design / IFC,Consultant Team,Project Team,"Public realm, planting, paving, and kerb-interface drawing for podium frontage.",EV-05,application/pdf,2
04-001,Volume 0 - Specification Index and Conventions.pdf,04_specifications,2025-08-26,Tender / IFC,Consultant Team,Project Team,"Specification index, conventions, abbreviations, and document control rules.",EV-01,application/pdf,18
04-002,Volume 1 - Preliminaries and General Requirements.pdf,04_specifications,2025-08-26,Tender / IFC,Consultant Team,Project Team,"Preliminaries, site establishment, temporary works, quality, and management requirements.",EV-01,application/pdf,84
04-003,"Volume 2 - Demolition, Earthworks, and Retention.pdf",04_specifications,2025-08-26,Tender / IFC,Consultant Team,Project Team,"Demolition, excavation, shoring, dewatering, and retention system requirements.",EV-02,application/pdf,52
04-004,Volume 3 - Piling and Foundations.pdf,04_specifications,2025-08-26,Tender / IFC,Consultant Team,Project Team,"Bored piling, footing preparation, testing, and foundation tolerances.",EV-02,application/pdf,46
04-005,Volume 4 - Structural Concrete and Reinforcement.pdf,04_specifications,2025-08-26,Tender / IFC,Consultant Team,Project Team,"Concrete mixes, reinforcement, formwork, and post-tensioning requirements.",EV-02,application/pdf,72
04-006,Volume 5 - Structural Steel and Metalwork.pdf,04_specifications,2025-08-26,Tender / IFC,Consultant Team,Project Team,"Structural steel, embeds, metalwork, and corrosion protection.",EV-03,application/pdf,34
04-007,Volume 6 - Waterproofing.pdf,04_specifications,2025-08-26,Tender / IFC,Consultant Team,Project Team,"Roofing and below-ground waterproofing systems, warranties, and testing.",EV-08,application/pdf,40
04-008,Volume 7 - Façade and Glazing.pdf,04_specifications,2025-08-26,Tender / IFC,Consultant Team,Project Team,"Façade panels, glazing, balustrades, and combustibility compliance requirements.",EV-07,application/pdf,58
04-009,"Volume 8 - Internal Partitions, Linings, and Joinery.pdf",04_specifications,2025-08-26,Tender / IFC,Consultant Team,Project Team,"Internal wall systems, linings, apartment joinery, and common-area finishes.",EV-03,application/pdf,64
04-010,"Volume 9 - Floor, Wall, and Ceiling Finishes.pdf",04_specifications,2025-08-26,Tender / IFC,Consultant Team,Project Team,"Flooring, tiling, painting, acoustic finishes, and ceiling systems.",EV-10,application/pdf,44
04-011,"Volume 10 - Doors, Hardware, and Access Control.pdf",04_specifications,2025-08-26,Tender / IFC,Consultant Team,Project Team,"Doorsets, hardware schedules, master keying, and access control coordination.",EV-03,application/pdf,28
04-012,Volume 11 - Hydraulic Services.pdf,04_specifications,2025-08-26,Tender / IFC,Consultant Team,Project Team,"Plumbing, drainage, stormwater, fire service, and testing requirements.",EV-03,application/pdf,56
04-013,Volume 12 - Mechanical Services.pdf,04_specifications,2025-08-26,Tender / IFC,Consultant Team,Project Team,"HVAC, ventilation, smoke-control, and BMS integration requirements.",EV-03,application/pdf,61
04-014,Volume 13 - Electrical Services.pdf,04_specifications,2025-08-26,Tender / IFC,Consultant Team,Project Team,"Electrical power, lighting, communications, and authority interface requirements.",EV-09,application/pdf,59
04-015,Volume 14 - Lifts and Vertical Transportation.pdf,04_specifications,2025-08-26,Tender / IFC,Consultant Team,Project Team,"Lift supply, installation, commissioning, and maintenance obligations.",EV-10,application/pdf,24
04-016,Volume 15 - External Works and Landscaping.pdf,04_specifications,2025-08-26,Tender / IFC,Consultant Team,Project Team,"Paving, planting, drainage, street-interface, and public-realm requirements.",EV-05,application/pdf,31
04-017,Addendum 01 - Waterproofing Specification Revision.pdf,04_specifications,2026-03-04,Tender / IFC,Consultant Team,Project Team,Addendum revising below-ground waterproofing requirements after groundwater findings.,EV-08,application/pdf,16
04-018,Addendum 02 - Façade Combustibility Compliance Revision.pdf,04_specifications,2026-02-03,Tender / IFC,Consultant Team,Project Team,Addendum updating façade panel performance requirements to A2-compliant system.,EV-07,application/pdf,14
05-001,250818 - Principal to Contractor - Letter of Intent Confirmation.pdf,05_project_letters,2025-08-18,Tender / Award,Riverside Development Group Pty Ltd,Apex Construction Pty Ltd,Confirms early procurement authority and mobilisation limits pending contract execution.,EV-01,application/pdf,3
05-002,250901 - Superintendent to Contractor - Commence Design Coordination Workshops.pdf,05_project_letters,2025-09-01,Mobilisation,Marshall & Associates Pty Ltd,Apex Construction Pty Ltd,Directions for weekly coordination workshops and document issue protocol.,EV-01,application/pdf,2
05-003,250915 - Principal to Contractor - Site Possession Notice.pdf,05_project_letters,2025-09-15,Mobilisation,Riverside Development Group Pty Ltd,Apex Construction Pty Ltd,Grants possession of site subject to access conditions and protection requirements.,EV-01,application/pdf,3
05-004,250930 - Contractor to Superintendent - Baseline Programme Submission Rev A.pdf,05_project_letters,2025-09-30,Mobilisation,Apex Construction Pty Ltd,Marshall & Associates Pty Ltd,Submission of baseline programme and critical path narrative for review.,EV-01,application/pdf,6
05-005,251007 - Superintendent to Contractor - Programme Review Comments Rev A.pdf,05_project_letters,2025-10-07,Mobilisation,Marshall & Associates Pty Ltd,Apex Construction Pty Ltd,Programme review comments requiring logic revisions and authority milestone clarity.,EV-01,application/pdf,4
05-006,251031 - Contractor to Principal - Monthly Executive Report October 2025.pdf,05_project_letters,2025-10-31,Construction,Apex Construction Pty Ltd,Riverside Development Group Pty Ltd,"Monthly executive report covering mobilisation, excavation progress, safety, and commercial issues.",EV-02,application/pdf,8
05-007,251114 - Superintendent to Contractor - Direction to Price Additional Piling.pdf,05_project_letters,2025-11-14,Construction,Marshall & Associates Pty Ltd,Apex Construction Pty Ltd,Requests detailed pricing and programme impacts arising from revised piling interpretation.,EV-02,application/pdf,3
05-008,251128 - Contractor to Superintendent - Response on Additional Piling Methodology.pdf,05_project_letters,2025-11-28,Construction,Apex Construction Pty Ltd,Marshall & Associates Pty Ltd,"Sets out revised piling methodology, productivity assumptions, and trade impacts.",EV-02,application/pdf,5
05-009,251215 - Contractor to Superintendent - Stormwater Coordination Concerns.pdf,05_project_letters,2025-12-15,Construction,Apex Construction Pty Ltd,Marshall & Associates Pty Ltd,Raises coordination concerns between hydraulic and civil documents for detention and discharge.,EV-03,application/pdf,4
05-010,251223 - Principal to Contractor - Christmas Shutdown Protocol.pdf,05_project_letters,2025-12-23,Construction,Riverside Development Group Pty Ltd,Apex Construction Pty Ltd,"Confirms shutdown rules, security, protection, and emergency contact arrangements.",EV-03,application/pdf,3
05-011,260112 - Contractor to Superintendent - Inclement Weather Impacts Notice Cover.pdf,05_project_letters,2026-01-12,Construction,Apex Construction Pty Ltd,Marshall & Associates Pty Ltd,Covering letter enclosing preliminary weather impacts and site diary extracts.,EV-04,application/pdf,3
05-012,260119 - Contractor to Principal - Laneway B Access Restriction Escalation.pdf,05_project_letters,2026-01-19,Construction,Apex Construction Pty Ltd,Riverside Development Group Pty Ltd,Escalates access restriction caused by adjacent owner and requests principal intervention.,EV-05,application/pdf,4
05-013,260126 - Principal to Contractor - Laneway B Stakeholder Coordination Update.pdf,05_project_letters,2026-01-26,Construction,Riverside Development Group Pty Ltd,Apex Construction Pty Ltd,Provides stakeholder coordination update and interim traffic management expectations.,EV-05,application/pdf,3
05-014,260203 - Superintendent to Contractor - Façade Specification Change Direction Cover.pdf,05_project_letters,2026-02-03,Construction,Marshall & Associates Pty Ltd,Apex Construction Pty Ltd,Covering letter issuing change to A2-compliant façade panel system.,EV-07,application/pdf,3
05-015,260218 - Contractor to Superintendent - Latent Conditions Notice Cover.pdf,05_project_letters,2026-02-18,Construction,Apex Construction Pty Ltd,Marshall & Associates Pty Ltd,Formal covering letter notifying latent conditions and requesting urgent direction.,EV-06,application/pdf,4
05-016,260225 - Superintendent to Contractor - Geotechnical Investigation Requirement.pdf,05_project_letters,2026-02-25,Construction,Marshall & Associates Pty Ltd,Apex Construction Pty Ltd,Requires additional investigation and temporary controls pending further design advice.,EV-06,application/pdf,3
05-017,260304 - Contractor to Superintendent - Revised Excavation Method Statement Cover.pdf,05_project_letters,2026-03-04,Construction,Apex Construction Pty Ltd,Marshall & Associates Pty Ltd,Submits revised excavation and groundwater control method statement.,EV-06,application/pdf,5
05-018,260311 - Superintendent to Contractor - Waterproofing Upgrade Foreshadowed.pdf,05_project_letters,2026-03-11,Construction,Marshall & Associates Pty Ltd,Apex Construction Pty Ltd,Foreshadows revised waterproofing requirements pending structural sketches.,EV-08,application/pdf,3
05-019,260318 - Contractor to Principal - Commercial Impact of Latent Conditions.pdf,05_project_letters,2026-03-18,Construction,Apex Construction Pty Ltd,Riverside Development Group Pty Ltd,Summarises likely time and cost impact of latent conditions and reserve rights.,EV-06,application/pdf,5
05-020,260401 - Principal to Superintendent - Request for Consolidated Delay Assessment.pdf,05_project_letters,2026-04-01,Construction,Riverside Development Group Pty Ltd,Marshall & Associates Pty Ltd,"Requests consolidated view of weather, access, and latent condition delays.",EV-06,application/pdf,2
05-021,260406 - Superintendent to Contractor - Direction to Proceed with Waterproofing Upgrade.pdf,05_project_letters,2026-04-06,Construction,Marshall & Associates Pty Ltd,Apex Construction Pty Ltd,Confirms revised waterproofing scope and directs immediate implementation.,EV-08,application/pdf,3
05-022,260420 - Contractor to Superintendent - Energex Interface Risks Notice.pdf,05_project_letters,2026-04-20,Construction,Apex Construction Pty Ltd,Marshall & Associates Pty Ltd,Raises emerging authority risk around substation review and riser coordination.,EV-09,application/pdf,4
05-023,260505 - Superintendent to Contractor - Riser Clash Resolution Workshop Minutes Cover.pdf,05_project_letters,2026-05-05,Construction,Marshall & Associates Pty Ltd,Apex Construction Pty Ltd,Issues actions from workshop on electrical riser clashes and beam penetrations.,EV-09,application/pdf,4
05-024,260531 - Contractor to Principal - Monthly Executive Report May 2026.pdf,05_project_letters,2026-05-31,Construction,Apex Construction Pty Ltd,Riverside Development Group Pty Ltd,"Executive report on structure progress, delay claims, variations, and authority interfaces.",EV-09,application/pdf,8
05-025,260616 - Principal to Contractor - Retail Tenancy Acoustic Upgrade Request.pdf,05_project_letters,2026-06-16,Construction,Riverside Development Group Pty Ltd,Apex Construction Pty Ltd,Requests acoustic enhancement to retail tenancy plant-room separation following tenant review.,EV-10,application/pdf,3
05-026,260623 - Contractor to Superintendent - Lift Procurement Lead Time Warning.pdf,05_project_letters,2026-06-23,Construction,Apex Construction Pty Ltd,Marshall & Associates Pty Ltd,Warns of extended lift manufacturing lead time and preservation actions.,EV-10,application/pdf,4
05-027,260707 - Superintendent to Contractor - Request for Mitigation Options on Lifts.pdf,05_project_letters,2026-07-07,Construction,Marshall & Associates Pty Ltd,Apex Construction Pty Ltd,Requests formal mitigation options for lift procurement delay and commissioning sequence.,EV-10,application/pdf,3
05-028,260729 - Contractor to Principal - Cost Forecast Update Rev C.pdf,05_project_letters,2026-07-29,Construction,Apex Construction Pty Ltd,Riverside Development Group Pty Ltd,Updated forecast cost report reflecting approved variations and pending claims.,EV-10,application/pdf,6
05-029,260812 - Superintendent to Contractor - Close-Out Planning Workshop Invitation.pdf,05_project_letters,2026-08-12,Construction,Marshall & Associates Pty Ltd,Apex Construction Pty Ltd,Invites project team to early close-out planning workshop and defects strategy session.,EV-10,application/pdf,2
05-030,260831 - Contractor to Principal - Monthly Executive Report August 2026.pdf,05_project_letters,2026-08-31,Construction,Apex Construction Pty Ltd,Riverside Development Group Pty Ltd,"Executive report on façade progress, services rough-in, and pending commercial items.",EV-10,application/pdf,7
05-031,260915 - Principal to Contractor - Retail Leasing Coordination Requirements.pdf,05_project_letters,2026-09-15,Construction,Riverside Development Group Pty Ltd,Apex Construction Pty Ltd,"Sets expectations for leasing inspections, make-good interfaces, and access control.",EV-10,application/pdf,3
05-032,261002 - Superintendent to Contractor - Updated Milestone Reporting Protocol.pdf,05_project_letters,2026-10-02,Construction,Marshall & Associates Pty Ltd,Apex Construction Pty Ltd,"Updates format for milestone reporting, float consumption, and recovery actions.",EV-10,application/pdf,3
06-001,RFI-001 - Basement Waterproofing Interface at Retention Piles.pdf,06_rfi,2025-10-09,Construction,Contractor,Superintendent / Consultants,Clarification sought on continuity of membrane behind capping beam and retention piles.,EV-02,application/pdf,3
06-002,RFI-002 - Piling Founding Levels and Test Pile Criteria.pdf,06_rfi,2025-10-15,Construction,Contractor,Superintendent / Consultants,Requests confirmation of founding assumptions and additional test pile acceptance criteria.,EV-02,application/pdf,3
06-003,RFI-003 - Ground Floor Retail Slab Setdown Discrepancy.pdf,06_rfi,2025-10-28,Construction,Contractor,Superintendent / Consultants,Discrepancy between architectural floor finish zones and structural slab setdowns.,EV-03,application/pdf,3
06-004,RFI-004 - Stormwater Detention Volume Mismatch.pdf,06_rfi,2025-11-06,Construction,Contractor,Superintendent / Consultants,Mismatch between hydraulic detention schedule and civil discharge calculations.,EV-03,application/pdf,3
06-005,RFI-005 - Fire Pump Room Access Clearance.pdf,06_rfi,2025-11-14,Construction,Contractor,Superintendent / Consultants,Clarification required on access and maintenance clearances in fire pump room.,EV-03,application/pdf,3
06-006,RFI-006 - Transfer Slab Penetration Coordination.pdf,06_rfi,2025-11-26,Construction,Contractor,Superintendent / Consultants,Requests coordinated positions for major services penetrations through transfer slab.,EV-03,application/pdf,3
06-007,RFI-007 - Residential Bathroom Acoustic Build-Up.pdf,06_rfi,2025-12-03,Construction,Contractor,Superintendent / Consultants,Clarifies required acoustic build-up and ceiling interface in wet areas.,EV-03,application/pdf,3
06-008,RFI-008 - Façade Panel Combustibility Evidence.pdf,06_rfi,2025-12-10,Construction,Contractor,Superintendent / Consultants,Requests consultant confirmation of acceptable evidence for façade panel combustibility compliance.,EV-07,application/pdf,3
06-009,RFI-009 - Loading Dock Swept Path and Clearance.pdf,06_rfi,2025-12-17,Construction,Contractor,Superintendent / Consultants,Requests confirmation of waste truck swept path and dock clearance allowances.,EV-03,application/pdf,3
06-010,RFI-010 - Laneway B Traffic Controller Staging.pdf,06_rfi,2026-01-18,Construction,Contractor,Superintendent / Consultants,Clarifies traffic-control staging while adjacent owner restricts one side of laneway access.,EV-05,application/pdf,3
06-011,RFI-011 - Rain Event Protection to Excavation Batters.pdf,06_rfi,2026-01-22,Construction,Contractor,Superintendent / Consultants,Requests confirmation of acceptable temporary protection after repeated storm events.,EV-04,application/pdf,3
06-012,RFI-012 - Groundwater Ingress Management Thresholds.pdf,06_rfi,2026-02-19,Construction,Contractor,Superintendent / Consultants,Requests design team criteria for groundwater inflow requiring redesign or changed methodology.,EV-06,application/pdf,3
06-013,RFI-013 - Basalt Encounter and Revised Excavation Line.pdf,06_rfi,2026-02-21,Construction,Contractor,Superintendent / Consultants,Seeks urgent clarification on excavation line adjustments caused by basalt outcrop.,EV-06,application/pdf,3
06-014,RFI-014 - A2 Façade Panel Support Rail Geometry.pdf,06_rfi,2026-02-27,Construction,Contractor,Superintendent / Consultants,Clarifies support-rail geometry after change to A2-compliant façade panel system.,EV-07,application/pdf,3
06-015,RFI-015 - Basement Waterproofing Composite Detail.pdf,06_rfi,2026-03-06,Construction,Contractor,Superintendent / Consultants,Requests consultant-issued detail for membrane termination and drainage-cell buildup.,EV-08,application/pdf,3
06-016,RFI-016 - Podium Planter Box Overflow Strategy.pdf,06_rfi,2026-03-18,Construction,Contractor,Superintendent / Consultants,Clarifies overflow and waterproofing interfaces for podium planter boxes.,EV-08,application/pdf,3
06-017,RFI-017 - Electrical Riser Clash at Grid F7.pdf,06_rfi,2026-04-22,Construction,Contractor,Superintendent / Consultants,Riser clashes with transfer beam depth and requires agreed reroute or structural opening.,EV-09,application/pdf,3
06-018,RFI-018 - Substation Metering Room Ventilation.pdf,06_rfi,2026-05-02,Construction,Contractor,Superintendent / Consultants,Requests authority and mechanical signoff for metering room ventilation arrangement.,EV-09,application/pdf,3
06-019,RFI-019 - Retail Grease Arrestor Maintenance Access.pdf,06_rfi,2026-05-14,Construction,Contractor,Superintendent / Consultants,Clarifies maintenance access and replacement strategy for grease arrestor assembly.,EV-09,application/pdf,3
06-020,RFI-020 - Lift Machine Room Heat Rejection Loads.pdf,06_rfi,2026-06-20,Construction,Contractor,Superintendent / Consultants,Requests final lift supplier heat rejection data for plantroom and shaft ventilation.,EV-10,application/pdf,3
06-021,RFI-021 - Apartment Corridor Acoustic Ceiling Hangers.pdf,06_rfi,2026-07-01,Construction,Contractor,Superintendent / Consultants,Clarifies acceptable hanger systems for corridor acoustic ceiling with services congestion.,EV-10,application/pdf,3
06-022,RFI-022 - Lobby Stone Finishes Alternative Availability.pdf,06_rfi,2026-07-16,Construction,Contractor,Superintendent / Consultants,Seeks approval pathway for equivalent stone due to supplier availability constraints.,EV-10,application/pdf,3
06-023,RFI-023 - Balustrade Wind Load Test Evidence.pdf,06_rfi,2026-08-05,Construction,Contractor,Superintendent / Consultants,Requests final wind load test evidence for custom balustrade system prior to installation.,EV-10,application/pdf,3
06-024,RFI-024 - Retail Signage Conduit Provision.pdf,06_rfi,2026-08-26,Construction,Contractor,Superintendent / Consultants,Clarifies landlord base-building conduit provisions for future retail signage installations.,EV-10,application/pdf,3
07-001,VD-001 - Additional Test Piles and Verification Works.pdf,07_variations,2025-10-30,Construction,Superintendent,Contractor,Direction for additional test piles and associated verification works.,EV-02,application/pdf,4
07-002,VD-002 - Additional Piling at Tower Core.pdf,07_variations,2025-11-14,Construction,Superintendent,Contractor,Direction for extra piles following revised geotechnical interpretation.,EV-02,application/pdf,4
07-003,VD-003 - Laneway B Traffic Management Reconfiguration.pdf,07_variations,2026-01-27,Construction,Superintendent,Contractor,Direction changing traffic-management and hoarding configuration at laneway interface.,EV-05,application/pdf,4
07-004,VD-004 - Façade Panel Specification Change to A2 System.pdf,07_variations,2026-02-03,Construction,Superintendent,Contractor,Direction changing façade panels to A2-compliant system.,EV-07,application/pdf,4
07-005,VD-005 - Latent Conditions Excavation Support Measures.pdf,07_variations,2026-02-24,Construction,Superintendent,Contractor,Direction for temporary support and revised excavation measures due to basalt and groundwater.,EV-06,application/pdf,4
07-006,VD-006 - Basement Waterproofing Composite Upgrade.pdf,07_variations,2026-03-04,Construction,Superintendent,Contractor,Direction upgrading basement waterproofing and perimeter drainage build-up.,EV-08,application/pdf,4
07-007,VD-007 - Electrical Riser Reroute and Beam Penetrations.pdf,07_variations,2026-05-06,Construction,Superintendent,Contractor,Direction implementing agreed electrical riser reroute and structural openings.,EV-09,application/pdf,4
07-008,VD-008 - Retail Acoustic Separation Upgrade.pdf,07_variations,2026-06-18,Construction,Superintendent,Contractor,Direction for acoustic enhancements between retail plant and residential interface.,EV-10,application/pdf,4
07-009,VD-009 - Lift Procurement Acceleration Measures.pdf,07_variations,2026-07-14,Construction,Superintendent,Contractor,Direction approving acceleration measures for lift procurement and installation sequence.,EV-10,application/pdf,4
07-010,VC-001 - Variation Claim - Additional Test Piles and Verification Works.pdf,07_variations,2025-11-12,Construction,Contractor,Superintendent,"Contractor valuation for additional test piles, testing, and supervision.",EV-02,application/pdf,7
07-011,VC-002 - Variation Claim - Additional Piling at Tower Core.pdf,07_variations,2025-12-02,Construction,Contractor,Superintendent,"Pricing claim for extra piling quantities, mobilisation, and concrete overbreak.",EV-02,application/pdf,7
07-012,VC-003 - Variation Claim - Laneway B Traffic Management Reconfiguration.pdf,07_variations,2026-02-08,Construction,Contractor,Superintendent,"Pricing claim for revised traffic management, barriers, controllers, and resequencing.",EV-05,application/pdf,7
07-013,VC-004 - Variation Claim - Façade Panel Specification Change.pdf,07_variations,2026-02-19,Construction,Contractor,Superintendent,"Pricing claim for façade panel change including lead time, support rails, and redesign.",EV-07,application/pdf,7
07-014,VC-005 - Variation Claim - Latent Conditions Excavation Support Measures.pdf,07_variations,2026-03-03,Construction,Contractor,Superintendent,"Pricing claim for rock breaking, temporary support, and groundwater management.",EV-06,application/pdf,7
07-015,VC-006 - Variation Claim - Basement Waterproofing Composite Upgrade.pdf,07_variations,2026-03-18,Construction,Contractor,Superintendent,Pricing claim for composite waterproofing system and perimeter drainage cells.,EV-08,application/pdf,7
07-016,VC-007 - Variation Claim - Electrical Riser Reroute and Beam Penetrations.pdf,07_variations,2026-05-20,Construction,Contractor,Superintendent,Pricing claim for rerouted electrical services and associated builder works.,EV-09,application/pdf,7
07-017,VC-008 - Variation Claim - Retail Acoustic Separation Upgrade.pdf,07_variations,2026-06-29,Construction,Contractor,Superintendent,"Pricing claim for upgraded acoustic wall, ceiling, and services isolation measures.",EV-10,application/pdf,7
07-018,VC-009 - Variation Claim - Lift Procurement Acceleration Measures.pdf,07_variations,2026-07-29,Construction,Contractor,Superintendent,"Pricing claim for accelerated lift shop drawings, freight, and revised installation sequence.",EV-10,application/pdf,7
08-001,NOD-001 - Inclement Weather - November 2025.pdf,08_nod,2025-11-27,Construction,Contractor,Superintendent,Delay notice for abnormal rainfall affecting excavation productivity and spoil haulage.,EV-02,application/pdf,4
08-002,NOD-002 - Inclement Weather - January 2026.pdf,08_nod,2026-01-12,Construction,Contractor,Superintendent,Delay notice for repeated January storm events and unsafe excavation conditions.,EV-04,application/pdf,4
08-003,NOD-003 - Laneway B Restricted Access.pdf,08_nod,2026-01-19,Construction,Contractor,Superintendent,Delay notice arising from restricted access and changed traffic management controls.,EV-05,application/pdf,4
08-004,NOD-004 - Groundwater Ingress at B3.pdf,08_nod,2026-02-19,Construction,Contractor,Superintendent,Delay notice for groundwater ingress affecting excavation and waterproofing sequence.,EV-06,application/pdf,4
08-005,NOD-005 - Basalt Encounter at B3.pdf,08_nod,2026-02-21,Construction,Contractor,Superintendent,Delay notice for basalt encounter requiring revised equipment and excavation methodology.,EV-06,application/pdf,4
08-006,NOD-006 - Façade Panel Specification Change.pdf,08_nod,2026-02-05,Construction,Contractor,Superintendent,Delay notice for revised façade specification impacting procurement and shop drawing sequence.,EV-07,application/pdf,4
08-007,NOD-007 - Waterproofing Upgrade Direction.pdf,08_nod,2026-03-05,Construction,Contractor,Superintendent,Delay notice for revised waterproofing scope affecting basement critical path activities.,EV-08,application/pdf,4
08-008,NOD-008 - Electrical Authority Review Hold.pdf,08_nod,2026-04-26,Construction,Contractor,Superintendent,Delay notice for authority review hold affecting substation and electrical riser works.,EV-09,application/pdf,4
08-009,NOD-009 - Electrical Riser Structural Clash.pdf,08_nod,2026-05-04,Construction,Contractor,Superintendent,Delay notice for unresolved electrical riser clash at transfer structure.,EV-09,application/pdf,4
08-010,NOD-010 - Retail Acoustic Upgrade.pdf,08_nod,2026-06-21,Construction,Contractor,Superintendent,Delay notice for principal-requested acoustic upgrade affecting podium fitout sequence.,EV-10,application/pdf,4
08-011,NOD-011 - Lift Procurement Delay.pdf,08_nod,2026-06-24,Construction,Contractor,Superintendent,Delay notice for extended lift manufacturing lead times and downstream commissioning impact.,EV-10,application/pdf,4
08-012,NOD-012 - Balustrade Certification Hold Point.pdf,08_nod,2026-08-08,Construction,Contractor,Superintendent,Delay notice for certification hold point on custom balustrade wind-load evidence.,EV-10,application/pdf,4
09-001,EOT-001 - Extension of Time Claim - November 2025 Weather.pdf,09_eot,2025-12-05,Construction,Contractor,Superintendent / Principal,EOT claim for weather-affected excavation productivity and access during November 2025.,EV-02,application/pdf,12
09-002,EOT-002 - Extension of Time Claim - January 2026 Inclement Weather.pdf,09_eot,2026-02-04,Construction,Contractor,Superintendent / Principal,"EOT claim for abnormal January weather, supported by BOM data and site diaries.",EV-04,application/pdf,12
09-003,EOT-003 - Extension of Time Claim - Laneway B Restricted Access.pdf,09_eot,2026-02-15,Construction,Contractor,Superintendent / Principal,EOT claim for access restrictions and revised traffic-management controls.,EV-05,application/pdf,12
09-004,EOT-004 - Extension of Time Claim - Groundwater and Basalt Latent Conditions.pdf,09_eot,2026-03-08,Construction,Contractor,Superintendent / Principal,"EOT claim for latent conditions, revised methodology, and critical path disruption.",EV-06,application/pdf,12
09-005,EOT-005 - Extension of Time Claim - Façade Panel Specification Change.pdf,09_eot,2026-03-16,Construction,Contractor,Superintendent / Principal,EOT claim for revised façade panel specification and procurement lead-time effects.,EV-07,application/pdf,12
09-006,EOT-006 - Extension of Time Claim - Waterproofing Upgrade.pdf,09_eot,2026-03-28,Construction,Contractor,Superintendent / Principal,EOT claim for basement waterproofing composite upgrade and resequencing.,EV-08,application/pdf,12
09-007,EOT-007 - Extension of Time Claim - Electrical Authority Review Hold.pdf,09_eot,2026-05-09,Construction,Contractor,Superintendent / Principal,EOT claim for authority review hold on substation and associated electrical works.,EV-09,application/pdf,12
09-008,EOT-008 - Extension of Time Claim - Electrical Riser Clash.pdf,09_eot,2026-05-28,Construction,Contractor,Superintendent / Principal,EOT claim for structural clash resolution and delayed services rough-in.,EV-09,application/pdf,12
09-009,EOT-009 - Extension of Time Claim - Retail Acoustic Upgrade.pdf,09_eot,2026-07-02,Construction,Contractor,Superintendent / Principal,EOT claim for principal-requested retail acoustic upgrade works.,EV-10,application/pdf,12
09-010,EOT-010 - Extension of Time Claim - Lift Procurement Delay.pdf,09_eot,2026-07-18,Construction,Contractor,Superintendent / Principal,EOT claim for extended lift manufacturing lead times and commissioning impacts.,EV-10,application/pdf,12
10-001,Progress Claim #1 - September 2025.pdf,10_payment_claims,2025-09-25,Construction,Apex Construction Pty Ltd,Marshall & Associates Pty Ltd,"Monthly progress claim #1 valuing work completed in September 2025 at AUD 1180000.00, inclusive of assessed variations and unfixed materials.",EV-02,application/pdf,14
10-002,Progress Claim #2 - October 2025.pdf,10_payment_claims,2025-10-25,Construction,Apex Construction Pty Ltd,Marshall & Associates Pty Ltd,"Monthly progress claim #2 valuing work completed in October 2025 at AUD 1420000.00, inclusive of assessed variations and unfixed materials.",EV-02,application/pdf,14
10-003,Progress Claim #3 - November 2025.pdf,10_payment_claims,2025-11-25,Construction,Apex Construction Pty Ltd,Marshall & Associates Pty Ltd,"Monthly progress claim #3 valuing work completed in November 2025 at AUD 1670000.00, inclusive of assessed variations and unfixed materials.",EV-06,application/pdf,14
10-004,Progress Claim #4 - December 2025.pdf,10_payment_claims,2025-12-25,Construction,Apex Construction Pty Ltd,Marshall & Associates Pty Ltd,"Monthly progress claim #4 valuing work completed in December 2025 at AUD 1550000.00, inclusive of assessed variations and unfixed materials.",EV-06,application/pdf,14
10-005,Progress Claim #5 - January 2026.pdf,10_payment_claims,2026-01-25,Construction,Apex Construction Pty Ltd,Marshall & Associates Pty Ltd,"Monthly progress claim #5 valuing work completed in January 2026 at AUD 1710000.00, inclusive of assessed variations and unfixed materials.",EV-06,application/pdf,14
10-006,Progress Claim #6 - February 2026.pdf,10_payment_claims,2026-02-25,Construction,Apex Construction Pty Ltd,Marshall & Associates Pty Ltd,"Monthly progress claim #6 valuing work completed in February 2026 at AUD 1940000.00, inclusive of assessed variations and unfixed materials.",EV-08,application/pdf,14
10-007,Progress Claim #7 - March 2026.pdf,10_payment_claims,2026-03-25,Construction,Apex Construction Pty Ltd,Marshall & Associates Pty Ltd,"Monthly progress claim #7 valuing work completed in March 2026 at AUD 2060000.00, inclusive of assessed variations and unfixed materials.",EV-08,application/pdf,14
10-008,Progress Claim #8 - April 2026.pdf,10_payment_claims,2026-04-25,Construction,Apex Construction Pty Ltd,Marshall & Associates Pty Ltd,"Monthly progress claim #8 valuing work completed in April 2026 at AUD 2210000.00, inclusive of assessed variations and unfixed materials.",EV-08,application/pdf,14
10-009,Progress Claim #9 - May 2026.pdf,10_payment_claims,2026-05-25,Construction,Apex Construction Pty Ltd,Marshall & Associates Pty Ltd,"Monthly progress claim #9 valuing work completed in May 2026 at AUD 2340000.00, inclusive of assessed variations and unfixed materials.",EV-10,application/pdf,14
10-010,Progress Claim #10 - June 2026.pdf,10_payment_claims,2026-06-25,Construction,Apex Construction Pty Ltd,Marshall & Associates Pty Ltd,"Monthly progress claim #10 valuing work completed in June 2026 at AUD 2480000.00, inclusive of assessed variations and unfixed materials.",EV-10,application/pdf,14
10-011,Progress Claim #11 - July 2026.pdf,10_payment_claims,2026-07-25,Construction,Apex Construction Pty Ltd,Marshall & Associates Pty Ltd,"Monthly progress claim #11 valuing work completed in July 2026 at AUD 2630000.00, inclusive of assessed variations and unfixed materials.",EV-10,application/pdf,14
10-012,Progress Claim #12 - August 2026.pdf,10_payment_claims,2026-08-25,Construction,Apex Construction Pty Ltd,Marshall & Associates Pty Ltd,"Monthly progress claim #12 valuing work completed in August 2026 at AUD 2740000.00, inclusive of assessed variations and unfixed materials.",EV-10,application/pdf,14
11-001,Payment Schedule #1 - September 2025.pdf,11_payment_schedules,2025-10-10,Construction,Marshall & Associates Pty Ltd,Apex Construction Pty Ltd,Superintendent's payment schedule #1 certifying AUD 1138700.00 after retention and disputed-item adjustments.,EV-02,application/pdf,6
11-002,Payment Schedule #2 - October 2025.pdf,11_payment_schedules,2025-11-10,Construction,Marshall & Associates Pty Ltd,Apex Construction Pty Ltd,Superintendent's payment schedule #2 certifying AUD 1370300.00 after retention and disputed-item adjustments.,EV-02,application/pdf,6
11-003,Payment Schedule #3 - November 2025.pdf,11_payment_schedules,2025-12-10,Construction,Marshall & Associates Pty Ltd,Apex Construction Pty Ltd,Superintendent's payment schedule #3 certifying AUD 1611550.00 after retention and disputed-item adjustments.,EV-06,application/pdf,6
11-004,Payment Schedule #4 - December 2025.pdf,11_payment_schedules,2026-01-10,Construction,Marshall & Associates Pty Ltd,Apex Construction Pty Ltd,Superintendent's payment schedule #4 certifying AUD 1495750.00 after retention and disputed-item adjustments.,EV-06,application/pdf,6
11-005,Payment Schedule #5 - January 2026.pdf,11_payment_schedules,2026-02-10,Construction,Marshall & Associates Pty Ltd,Apex Construction Pty Ltd,Superintendent's payment schedule #5 certifying AUD 1650150.00 after retention and disputed-item adjustments.,EV-06,application/pdf,6
11-006,Payment Schedule #6 - February 2026.pdf,11_payment_schedules,2026-03-10,Construction,Marshall & Associates Pty Ltd,Apex Construction Pty Ltd,Superintendent's payment schedule #6 certifying AUD 1872100.00 after retention and disputed-item adjustments.,EV-08,application/pdf,6
11-007,Payment Schedule #7 - March 2026.pdf,11_payment_schedules,2026-04-10,Construction,Marshall & Associates Pty Ltd,Apex Construction Pty Ltd,Superintendent's payment schedule #7 certifying AUD 1987900.00 after retention and disputed-item adjustments.,EV-08,application/pdf,6
11-008,Payment Schedule #8 - April 2026.pdf,11_payment_schedules,2026-05-10,Construction,Marshall & Associates Pty Ltd,Apex Construction Pty Ltd,Superintendent's payment schedule #8 certifying AUD 2132650.00 after retention and disputed-item adjustments.,EV-08,application/pdf,6
11-009,Payment Schedule #9 - May 2026.pdf,11_payment_schedules,2026-06-10,Construction,Marshall & Associates Pty Ltd,Apex Construction Pty Ltd,Superintendent's payment schedule #9 certifying AUD 2258100.00 after retention and disputed-item adjustments.,EV-10,application/pdf,6
11-010,Payment Schedule #10 - June 2026.pdf,11_payment_schedules,2026-07-10,Construction,Marshall & Associates Pty Ltd,Apex Construction Pty Ltd,Superintendent's payment schedule #10 certifying AUD 2393200.00 after retention and disputed-item adjustments.,EV-10,application/pdf,6
11-011,Payment Schedule #11 - July 2026.pdf,11_payment_schedules,2026-08-10,Construction,Marshall & Associates Pty Ltd,Apex Construction Pty Ltd,Superintendent's payment schedule #11 certifying AUD 2537950.00 after retention and disputed-item adjustments.,EV-10,application/pdf,6
11-012,Payment Schedule #12 - August 2026.pdf,11_payment_schedules,2026-09-10,Construction,Marshall & Associates Pty Ltd,Apex Construction Pty Ltd,Superintendent's payment schedule #12 certifying AUD 2644100.00 after retention and disputed-item adjustments.,EV-10,application/pdf,6
12-001,INV-0145 - Geotechnical Investigation - Additional Boreholes.pdf,12_third_party_invoices,2026-02-27,Construction,Third Party,Contractor / Principal,Invoice for additional geotechnical investigation and reporting at B3 basement.,EV-06,application/pdf,2
12-002,INV-0146 - Survey Setout - February 2026.pdf,12_third_party_invoices,2026-02-29,Construction,Third Party,Contractor / Principal,Monthly survey setout and monitoring invoice for February 2026.,EV-06,application/pdf,2
12-003,INV-0147 - Independent Concrete Testing - March 2026.pdf,12_third_party_invoices,2026-03-03,Construction,Third Party,Contractor / Principal,Invoice for concrete cylinder testing and reporting for basement pours.,EV-08,application/pdf,2
12-004,INV-0148 - Traffic Management Services - Laneway B.pdf,12_third_party_invoices,2026-03-05,Construction,Third Party,Contractor / Principal,Invoice for revised traffic management and controllers at Laneway B.,EV-05,application/pdf,2
12-005,INV-0149 - Groundwater Dewatering Plant Hire.pdf,12_third_party_invoices,2026-03-11,Construction,Third Party,Contractor / Principal,Invoice for temporary dewatering plant and pumps used during latent condition response.,EV-06,application/pdf,2
12-006,INV-0150 - Façade Engineering Advice - A2 System.pdf,12_third_party_invoices,2026-03-19,Construction,Third Party,Contractor / Principal,Invoice for façade engineering review tied to A2-compliant panel redesign.,EV-07,application/pdf,2
12-007,INV-0151 - Waterproofing Supplier Technical Attendance.pdf,12_third_party_invoices,2026-04-08,Construction,Third Party,Contractor / Principal,Invoice for manufacturer technical attendance and mock-up review.,EV-08,application/pdf,2
12-008,INV-0152 - Electrical Authority Application Fees.pdf,12_third_party_invoices,2026-04-30,Construction,Third Party,Contractor / Principal,Invoice covering authority review fees and application administration.,EV-09,application/pdf,2
12-009,INV-0153 - Temporary Structural Works Design.pdf,12_third_party_invoices,2026-05-12,Construction,Third Party,Contractor / Principal,Invoice for temporary works engineering associated with riser clash openings.,EV-09,application/pdf,2
12-010,INV-0154 - Acoustic Consultant Fee Proposal - Podium Upgrade.pdf,12_third_party_invoices,2026-06-24,Construction,Third Party,Contractor / Principal,Invoice for acoustic consultant redesign services for retail interface upgrade.,EV-10,application/pdf,2
12-011,INV-0155 - Lift Supplier Reservation Payment.pdf,12_third_party_invoices,2026-07-03,Construction,Third Party,Contractor / Principal,Invoice for lift supplier reservation payment and accelerated shop drawing release.,EV-10,application/pdf,2
12-012,INV-0156 - Balustrade Prototype Testing.pdf,12_third_party_invoices,2026-08-09,Construction,Third Party,Contractor / Principal,Invoice for prototype balustrade testing and certification documentation.,EV-10,application/pdf,2
13-001,Baseline Construction Programme Rev A.pdf,13_other,2025-09-30,Construction Support,Apex Construction Pty Ltd,Project Team,Baseline logic-linked programme for the entire project including key authority milestones.,EV-01,application/pdf,18
13-002,Construction Programme Rev B.pdf,13_other,2025-11-29,Construction Support,Apex Construction Pty Ltd,Project Team,Updated programme incorporating additional piling and excavation productivity adjustments.,EV-02,application/pdf,18
13-003,Construction Programme Rev C.pdf,13_other,2026-01-31,Construction Support,Apex Construction Pty Ltd,Project Team,Updated programme incorporating weather delay and Laneway B access restrictions.,EV-05,application/pdf,18
13-004,Construction Programme Rev D.pdf,13_other,2026-03-20,Construction Support,Apex Construction Pty Ltd,Project Team,Updated programme incorporating latent conditions and waterproofing upgrade.,EV-08,application/pdf,19
13-005,Construction Programme Rev E.pdf,13_other,2026-05-31,Construction Support,Apex Construction Pty Ltd,Project Team,Updated programme incorporating electrical authority review and riser coordination impacts.,EV-09,application/pdf,19
13-006,Construction Programme Rev F.pdf,13_other,2026-07-31,Construction Support,Apex Construction Pty Ltd,Project Team,Updated programme incorporating lift procurement delay and acoustic redesign impacts.,EV-10,application/pdf,19
13-007,Site Meeting Minutes #01 to #06 Compilation.pdf,13_other,2025-12-20,Construction Support,Apex Construction Pty Ltd,Project Team,Compilation of early fortnightly site meeting minutes covering mobilisation and substructure issues.,EV-03,application/pdf,36
13-008,Site Meeting Minutes #07 to #12 Compilation.pdf,13_other,2026-03-25,Construction Support,Apex Construction Pty Ltd,Project Team,"Compilation of site meeting minutes covering weather, access, latent conditions, and variations.",EV-08,application/pdf,38
13-009,Site Meeting Minutes #13 to #18 Compilation.pdf,13_other,2026-06-30,Construction Support,Apex Construction Pty Ltd,Project Team,Compilation of site meeting minutes covering services coordination and authority interfaces.,EV-09,application/pdf,40
13-010,Site Meeting Minutes #19 to #24 Compilation.pdf,13_other,2026-09-30,Construction Support,Apex Construction Pty Ltd,Project Team,"Compilation of site meeting minutes covering fitout, lift, façade, and close-out planning matters.",EV-10,application/pdf,42
13-011,Quality Management Plan.pdf,13_other,2025-09-18,Construction Support,Apex Construction Pty Ltd,Project Team,"Project quality management plan, ITP framework, hold points, and records matrix.",EV-01,application/pdf,34
13-012,Environmental Management Plan.pdf,13_other,2025-09-18,Construction Support,Apex Construction Pty Ltd,Project Team,"Project environmental controls, monitoring, and incident-response requirements.",EV-01,application/pdf,27
13-013,Traffic Management Plan Rev B.pdf,13_other,2026-01-24,Construction Support,Apex Construction Pty Ltd,Project Team,Revised traffic management plan for Laneway B and public interface controls.,EV-05,application/pdf,24
13-014,Geotechnical Investigation Report SD-RT-2026-018.pdf,13_other,2026-02-20,Construction Support,Apex Construction Pty Ltd,Project Team,Supplementary geotechnical report documenting groundwater and basalt conditions at B3.,EV-06,application/pdf,52
13-015,Waterproofing Mock-Up Inspection Report.pdf,13_other,2026-03-29,Construction Support,Apex Construction Pty Ltd,Project Team,Inspection and acceptance report for revised basement waterproofing mock-up.,EV-08,application/pdf,12
13-016,Authority Coordination Tracker Rev C.pdf,13_other,2026-05-10,Construction Support,Apex Construction Pty Ltd,Project Team,"Tracker of authority submissions, comments, hold points, and closure actions.",EV-09,application/pdf,10
13-017,Monthly Photo Report - July 2026.pdf,13_other,2026-07-31,Construction Support,Apex Construction Pty Ltd,Project Team,"Annotated photo report showing façade install, services rough-in, and podium fitout progress.",EV-10,application/pdf,26
13-018,Defects and Commissioning Readiness Tracker Rev A.pdf,13_other,2026-10-15,Construction Support,Apex Construction Pty Ltd,Project Team,"Readiness tracker for commissioning, defects management, and close-out deliverables.",EV-10,application/pdf,14
